<?xml version="1.0" encoding="UTF-8" ?>
<Controller>
<ExecutiveLoadOption>
    <ExecFile>\Logix\CurrentApp\Executive.bin</ExecFile>
    <NetlinxFile>\Logix\CurrentApp\Netlinx.bin</NetlinxFile>
</ExecutiveLoadOption>
<ProgramLoadOption>
   <ProgramLoadMode>CORRUPT_RAM</ProgramLoadMode>
    <LoadFile>\Logix\CurrentApp\Shazand.p5k</LoadFile>
</ProgramLoadOption>
<ControllerModeOption>
    <ControllerMode>RUN</ControllerMode>
</ControllerModeOption>
<VersionControl>
    <Version>01.017.003.058</Version>
</VersionControl>
<FirmwareSupervisor>
    <UpdateMode>IN_ACTIVE</UpdateMode>
</FirmwareSupervisor>
</Controller>